{
    "count:1": {
        "ind": [
            0.07192009121242947,
            "False"
        ],
        "rel": [
            0.09138448967760104,
            "False"
        ]
    },
    "idf:1": {
        "ind": [
            1.927419047855225e-07,
            "True"
        ],
        "rel": [
            2.3793969411374075e-05,
            "True"
        ]
    },
    "idf_wiki:1": {
        "ind": [
            4.3913407500630686e-14,
            "True"
        ],
        "rel": [
            1.0973484417454418e-08,
            "True"
        ]
    },
    "count_norm:1": {
        "ind": [
            7.731004243302633e-05,
            "True"
        ],
        "rel": [
            0.000983008092620758,
            "True"
        ]
    },
    "count_norm_pmi:1": {
        "ind": [
            0.002322109525371222,
            "True"
        ],
        "rel": [
            0.009225429455463808,
            "True"
        ]
    },
    "idf_norm:1": {
        "ind": [
            0.00021050602247740422,
            "True"
        ],
        "rel": [
            0.0005830066359209766,
            "True"
        ]
    },
    "idf_wiki_norm:1": {
        "ind": [
            3.886156858948422e-07,
            "True"
        ],
        "rel": [
            1.921070108227362e-05,
            "True"
        ]
    },
    "count:2": {
        "ind": [
            0.05180467058057532,
            "False"
        ],
        "rel": [
            0.07248620565774122,
            "False"
        ]
    },
    "idf:2": {
        "ind": [
            0.22455944099930603,
            "False"
        ],
        "rel": [
            0.29206381852150065,
            "False"
        ]
    },
    "idf_norm_pmi:1": {
        "ind": [
            0.0014283115492882126,
            "True"
        ],
        "rel": [
            0.015487140532875877,
            "True"
        ]
    },
    "idf_wiki:2": {
        "ind": [
            4.752334852371543e-06,
            "True"
        ],
        "rel": [
            0.00033573049025328866,
            "True"
        ]
    },
    "idf_wiki_norm_pmi:1": {
        "ind": [
            0.024730081981146835,
            "True"
        ],
        "rel": [
            0.04127432194105298,
            "True"
        ]
    },
    "count_norm:2": {
        "ind": [
            0.0006232838877017904,
            "True"
        ],
        "rel": [
            0.003646500230003612,
            "True"
        ]
    },
    "count:3": {
        "ind": [
            5.5233034959954905e-06,
            "True"
        ],
        "rel": [
            0.000305060006348715,
            "True"
        ]
    },
    "idf:3": {
        "ind": [
            0.9157805343567766,
            "False"
        ],
        "rel": [
            0.9102098698387052,
            "False"
        ]
    },
    "count_norm_pmi:2": {
        "ind": [
            4.708361389435868e-05,
            "True"
        ],
        "rel": [
            3.3233492169876436e-06,
            "True"
        ]
    },
    "idf_wiki:3": {
        "ind": [
            0.003873718772362547,
            "True"
        ],
        "rel": [
            0.01593776934604126,
            "True"
        ]
    },
    "idf_norm:2": {
        "ind": [
            0.6117825101307223,
            "False"
        ],
        "rel": [
            0.5985452157171633,
            "False"
        ]
    },
    "count_norm:3": {
        "ind": [
            0.8025263236319624,
            "False"
        ],
        "rel": [
            0.7976245209721037,
            "False"
        ]
    },
    "idf_wiki_norm:2": {
        "ind": [
            0.0015508015783931158,
            "True"
        ],
        "rel": [
            0.004622390537426335,
            "True"
        ]
    },
    "count_norm_pmi:3": {
        "ind": [
            0.0005431350622723281,
            "True"
        ],
        "rel": [
            0.0019047487211532304,
            "True"
        ]
    },
    "idf_norm:3": {
        "ind": [
            0.21644628452539452,
            "False"
        ],
        "rel": [
            0.2968433776444834,
            "False"
        ]
    },
    "idf_norm_pmi:2": {
        "ind": [
            3.181633027032915e-05,
            "True"
        ],
        "rel": [
            0.0012425602241489151,
            "True"
        ]
    },
    "idf_wiki_norm:3": {
        "ind": [
            0.017272201770255922,
            "True"
        ],
        "rel": [
            0.011871767243099053,
            "True"
        ]
    },
    "idf_wiki_norm_pmi:2": {
        "ind": [
            0.008729047065703013,
            "True"
        ],
        "rel": [
            0.01326953208172389,
            "True"
        ]
    },
    "idf_norm_pmi:3": {
        "ind": [
            0.0003542524340261303,
            "True"
        ],
        "rel": [
            0.0025695716602569603,
            "True"
        ]
    },
    "count:4": {
        "ind": [
            0.00016431278318511172,
            "True"
        ],
        "rel": [
            0.0007916696311016535,
            "True"
        ]
    },
    "idf_wiki_norm_pmi:3": {
        "ind": [
            8.269992362556439e-05,
            "True"
        ],
        "rel": [
            0.0011125651709233562,
            "True"
        ]
    },
    "count:5": {
        "ind": [
            3.427799239841074e-06,
            "True"
        ],
        "rel": [
            0.00024616997057079444,
            "True"
        ]
    },
    "idf:4": {
        "ind": [
            0.00010003569456060196,
            "True"
        ],
        "rel": [
            0.00012868668715012882,
            "True"
        ]
    },
    "count:7": {
        "ind": [
            6.917047157804268e-05,
            "True"
        ],
        "rel": [
            0.0007414845501236911,
            "True"
        ]
    },
    "idf:5": {
        "ind": [
            0.0008342340796626775,
            "True"
        ],
        "rel": [
            0.0016130534864067549,
            "True"
        ]
    },
    "idf_wiki:4": {
        "ind": [
            0.06316545303820668,
            "False"
        ],
        "rel": [
            0.05750811835263777,
            "False"
        ]
    },
    "idf:7": {
        "ind": [
            0.0006565234473998702,
            "True"
        ],
        "rel": [
            0.0014644730246600108,
            "True"
        ]
    },
    "idf_wiki:5": {
        "ind": [
            0.007640765926695235,
            "True"
        ],
        "rel": [
            0.009193550739277788,
            "True"
        ]
    },
    "count_norm:4": {
        "ind": [
            0.26446965467599687,
            "False"
        ],
        "rel": [
            0.31858295709735385,
            "False"
        ]
    },
    "count_norm:5": {
        "ind": [
            0.001724704002408891,
            "True"
        ],
        "rel": [
            0.005573104555828084,
            "True"
        ]
    },
    "idf_wiki:7": {
        "ind": [
            0.003751713208714,
            "True"
        ],
        "rel": [
            0.004666695689091429,
            "True"
        ]
    },
    "count_norm_pmi:4": {
        "ind": [
            9.70739178985118e-07,
            "True"
        ],
        "rel": [
            6.89640707092939e-05,
            "True"
        ]
    },
    "count_norm_pmi:5": {
        "ind": [
            0.0003706372023586714,
            "True"
        ],
        "rel": [
            0.0017416242281295612,
            "True"
        ]
    },
    "count_norm:7": {
        "ind": [
            0.0003918531644260697,
            "True"
        ],
        "rel": [
            0.005926393269445193,
            "True"
        ]
    },
    "idf_norm:5": {
        "ind": [
            0.0003435102059999718,
            "True"
        ],
        "rel": [
            0.0001599714280687168,
            "True"
        ]
    },