{
    "count:6": {
        "ind": [
            1.2228977173596752e-13,
            "True"
        ],
        "rel": [
            2.6040117502741075e-09,
            "True"
        ]
    },
    "idf:6": {
        "ind": [
            1.017328056371097e-09,
            "True"
        ],
        "rel": [
            1.8020239408447912e-08,
            "True"
        ]
    },
    "idf_wiki:6": {
        "ind": [
            6.57348252634329e-11,
            "True"
        ],
        "rel": [
            3.48585017538243e-07,
            "True"
        ]
    },
    "count_norm:6": {
        "ind": [
            0.00016588957669249965,
            "True"
        ],
        "rel": [
            0.0005088609550874209,
            "True"
        ]
    },
    "count_norm_pmi:6": {
        "ind": [
            0.009337049341882455,
            "True"
        ],
        "rel": [
            0.005186256958973332,
            "True"
        ]
    },
    "idf_norm:6": {
        "ind": [
            9.821251115061023e-05,
            "True"
        ],
        "rel": [
            0.0006559866579187529,
            "True"
        ]
    },
    "idf_wiki_norm:6": {
        "ind": [
            3.797721916937628e-06,
            "True"
        ],
        "rel": [
            0.00027621427757473094,
            "True"
        ]
    },
    "idf_norm_pmi:6": {
        "ind": [
            0.000699169381445515,
            "True"
        ],
        "rel": [
            0.0031924981621782715,
            "True"
        ]
    },
    "idf_wiki_norm_pmi:6": {
        "ind": [
            6.980455580439698e-05,
            "True"
        ],
        "rel": [
            9.952347236265184e-05,
            "True"
        ]
    },
    "idf_wiki:1": {
        "ind": [
            1.0420564091565651e-14,
            "True"
        ],
        "rel": [
            3.490913191149695e-09,
            "True"
        ]
    },
    "count:4": {
        "ind": [
            1.4363029418122383e-08,
            "True"
        ],
        "rel": [
            5.393327965704359e-07,
            "True"
        ]
    },
    "count:5": {
        "ind": [
            8.364585667628748e-09,
            "True"
        ],
        "rel": [
            8.632872842909933e-06,
            "True"
        ]
    },
    "idf:5": {
        "ind": [
            1.9149347697583925e-07,
            "True"
        ],
        "rel": [
            1.0546417200816217e-05,
            "True"
        ]
    },
    "count:7": {
        "ind": [
            4.942321701488974e-08,
            "True"
        ],
        "rel": [
            6.488846062538945e-05,
            "True"
        ]
    },
    "idf_wiki:3": {
        "ind": [
            0.004984237337375679,
            "True"
        ],
        "rel": [
            0.01261422913767072,
            "True"
        ]
    },
    "idf_wiki:7": {
        "ind": [
            2.802265337890634e-08,
            "True"
        ],
        "rel": [
            9.666781179709583e-06,
            "True"
        ]
    },
    "idf_wiki:5": {
        "ind": [
            8.126146037065773e-12,
            "True"
        ],
        "rel": [
            2.4866681978837286e-07,
            "True"
        ]
    },
    "idf:1": {
        "ind": [
            1.2713989777290182e-09,
            "True"
        ],
        "rel": [
            9.644965211611813e-06,
            "True"
        ]
    },
    "idf:4": {
        "ind": [
            1.6789314714688576e-06,
            "True"
        ],
        "rel": [
            1.0103794264360516e-05,
            "True"
        ]
    },
    "idf:2": {
        "ind": [
            0.05615476186598874,
            "False"
        ],
        "rel": [
            0.07679627097007562,
            "False"
        ]
    },
    "idf_wiki:4": {
        "ind": [
            4.410101185303185e-06,
            "True"
        ],
        "rel": [
            1.995428456680993e-05,
            "True"
        ]
    },
    "count:2": {
        "ind": [
            1.819419044005183e-07,
            "True"
        ],
        "rel": [
            1.0617360983106178e-05,
            "True"
        ]
    },
    "count:1": {
        "ind": [
            0.09716799638212836,
            "False"
        ],
        "rel": [
            0.1130398436746757,
            "False"
        ]
    },
    "count_norm:1": {
        "ind": [
            8.60963515881654e-05,
            "True"
        ],
        "rel": [
            0.0009125211369531761,
            "True"
        ]
    },
    "count_norm_pmi:1": {
        "ind": [
            0.0009213377513357751,
            "True"
        ],
        "rel": [
            0.004824114036406812,
            "True"
        ]
    },
    "idf_norm:1": {
        "ind": [
            0.00025523184138117726,
            "True"
        ],
        "rel": [
            0.000923905700233805,
            "True"
        ]
    },
    "idf_wiki_norm:1": {
        "ind": [
            4.286511743377825e-07,
            "True"
        ],
        "rel": [
            2.5588242922366806e-05,
            "True"
        ]
    },
    "idf_norm_pmi:1": {
        "ind": [
            0.0006133826730734704,
            "True"
        ],
        "rel": [
            0.007588624243989044,
            "True"
        ]
    },
    "idf_wiki:2": {
        "ind": [
            5.415097711293565e-06,
            "True"
        ],
        "rel": [
            0.00031072930070865306,
            "True"
        ]
    },
    "idf_wiki_norm_pmi:1": {
        "ind": [
            0.00860157166401591,
            "True"
        ],
        "rel": [
            0.018792071801012687,
            "True"
        ]
    },
    "count_norm:2": {
        "ind": [
            0.0007880467454770468,
            "True"
        ],
        "rel": [
            0.00340562119048986,
            "True"
        ]
    },
    "count:3": {
        "ind": [
            2.7240424937360805e-06,
            "True"
        ],
        "rel": [
            0.00018300514067487073,
            "True"
        ]
    },
    "count_norm_pmi:2": {
        "ind": [
            1.6663116890470583e-05,
            "True"
        ],
        "rel": [
            2.6811131363431193e-06,
            "True"
        ]
    },
    "idf:3": {
        "ind": [
            0.7885751672160799,
            "False"
        ],
        "rel": [
            0.7746661753616154,
            "False"
        ]
    },
    "idf_norm:2": {
        "ind": [
            0.76474769855947,
            "False"
        ],
        "rel": [
            0.7625120607457938,
            "False"
        ]
    },
    "count_norm:3": {
        "ind": [
            0.9191807451358635,
            "False"
        ],
        "rel": [
            0.9164940230759657,
            "False"
        ]
    },
    "idf_wiki_norm:2": {
        "ind": [
            0.002020211892911029,
            "True"
        ],
        "rel": [
            0.007007951809050241,
            "True"
        ]
    },
    "count_norm_pmi:3": {
        "ind": [
            0.00021320857612242594,
            "True"
        ],
        "rel": [
            0.0009848453650814545,
            "True"
        ]
    },
    "idf_norm_pmi:2": {
        "ind": [
            1.4218983771802431e-05,
            "True"
        ],
        "rel": [
            0.000635500432408345,
            "True"
        ]
    },
    "idf_norm:3": {
        "ind": [
            0.13774728584680876,
            "False"
        ],
        "rel": [
            0.19977268394414402,
            "False"
        ]
    },
    "idf_wiki_norm:3": {
        "ind": [
            0.02428410122250469,
            "True"
        ],
        "rel": [
            0.018719423349870343,
            "True"
        ]
    },
    "idf_wiki_norm_pmi:2": {
        "ind": [
            0.004780050804302095,
            "True"
        ],
        "rel": [
            0.008645277624939322,
            "True"
        ]
    },