{
    "count:6": {
        "ind": [
            5.295475803259001e-15,
            "True"
        ],
        "rel": [
            2.1904516456862787e-10,
            "True"
        ]
    },
    "idf:6": {
        "ind": [
            4.5950188515076875e-10,
            "True"
        ],
        "rel": [
            1.283853427989668e-07,
            "True"
        ]
    },
    "idf_wiki:6": {
        "ind": [
            3.90098962613267e-09,
            "True"
        ],
        "rel": [
            9.708266811001856e-07,
            "True"
        ]
    },
    "count_norm:6": {
        "ind": [
            3.3124526918165875e-05,
            "True"
        ],
        "rel": [
            0.00030111031296855797,
            "True"
        ]
    },
    "count_norm_pmi:6": {
        "ind": [
            0.002587500578448475,
            "True"
        ],
        "rel": [
            0.00349471839893947,
            "True"
        ]
    },
    "idf_norm:6": {
        "ind": [
            1.9552455427548726e-05,
            "True"
        ],
        "rel": [
            0.0004373897801549296,
            "True"
        ]
    },
    "idf_wiki_norm:6": {
        "ind": [
            5.449774938257168e-07,
            "True"
        ],
        "rel": [
            0.0001237391224597657,
            "True"
        ]
    },
    "idf_norm_pmi:6": {
        "ind": [
            0.0001479939314862361,
            "True"
        ],
        "rel": [
            0.0007814718410753932,
            "True"
        ]
    },
    "idf_wiki_norm_pmi:6": {
        "ind": [
            1.1224518233440874e-05,
            "True"
        ],
        "rel": [
            1.8311557038569366e-05,
            "True"
        ]
    },
    "idf_wiki:1": {
        "ind": [
            2.874256349300057e-14,
            "True"
        ],
        "rel": [
            4.6374635051252095e-09,
            "True"
        ]
    },
    "count:4": {
        "ind": [
            6.303849097107734e-08,
            "True"
        ],
        "rel": [
            3.436341000145252e-06,
            "True"
        ]
    },
    "idf:5": {
        "ind": [
            2.2884341340529957e-07,
            "True"
        ],
        "rel": [
            1.463865208962675e-05,
            "True"
        ]
    },
    "count:5": {
        "ind": [
            4.145438169957978e-09,
            "True"
        ],
        "rel": [
            4.0301407999578435e-06,
            "True"
        ]
    },
    "idf_wiki:3": {
        "ind": [
            0.025890520222580933,
            "True"
        ],
        "rel": [
            0.029010944389911666,
            "True"
        ]
    },
    "idf_wiki:5": {
        "ind": [
            1.4834019988854104e-08,
            "True"
        ],
        "rel": [
            1.5272447809356887e-06,
            "True"
        ]
    },
    "idf:1": {
        "ind": [
            8.982721846280263e-09,
            "True"
        ],
        "rel": [
            6.405621928547988e-06,
            "True"
        ]
    },
    "idf:4": {
        "ind": [
            7.295356327052197e-07,
            "True"
        ],
        "rel": [
            1.8243121519614437e-05,
            "True"
        ]
    },
    "idf:2": {
        "ind": [
            0.07734786417124934,
            "False"
        ],
        "rel": [
            0.10539067158642065,
            "False"
        ]
    },
    "idf_wiki:4": {
        "ind": [
            2.5548948294060637e-05,
            "True"
        ],
        "rel": [
            0.00022950633588965816,
            "True"
        ]
    },
    "count:2": {
        "ind": [
            2.467676910500049e-07,
            "True"
        ],
        "rel": [
            2.2926726798201487e-05,
            "True"
        ]
    },
    "count:1": {
        "ind": [
            0.29985384177590946,
            "False"
        ],
        "rel": [
            0.31456660352472005,
            "False"
        ]
    },
    "count_norm:1": {
        "ind": [
            0.0005382186590026981,
            "True"
        ],
        "rel": [
            0.0035397469411764704,
            "True"
        ]
    },
    "count_norm_pmi:1": {
        "ind": [
            9.391791853658138e-05,
            "True"
        ],
        "rel": [
            0.0009312414988123848,
            "True"
        ]
    },
    "idf_norm:1": {
        "ind": [
            0.0006608150283534764,
            "True"
        ],
        "rel": [
            0.001980017751374404,
            "True"
        ]
    },
    "idf_wiki_norm:1": {
        "ind": [
            9.089950877056858e-07,
            "True"
        ],
        "rel": [
            3.99879427253503e-05,
            "True"
        ]
    },
    "idf_norm_pmi:1": {
        "ind": [
            7.691956020569021e-05,
            "True"
        ],
        "rel": [
            0.001876956472274326,
            "True"
        ]
    },
    "idf_wiki:2": {
        "ind": [
            1.4639051137456264e-05,
            "True"
        ],
        "rel": [
            0.0006777315910434482,
            "True"
        ]
    },
    "idf_wiki_norm_pmi:1": {
        "ind": [
            0.0004617014648237679,
            "True"
        ],
        "rel": [
            0.0027979543571668825,
            "True"
        ]
    },
    "count_norm:2": {
        "ind": [
            0.0029449724164278854,
            "True"
        ],
        "rel": [
            0.00860729617324626,
            "True"
        ]
    },
    "count:3": {
        "ind": [
            5.928637096169075e-07,
            "True"
        ],
        "rel": [
            5.81127997678693e-05,
            "True"
        ]
    },
    "count_norm_pmi:2": {
        "ind": [
            1.844630141224101e-06,
            "True"
        ],
        "rel": [
            3.927416427467146e-06,
            "True"
        ]
    },
    "idf:3": {
        "ind": [
            0.42030852193726853,
            "False"
        ],
        "rel": [
            0.4060281325643432,
            "False"
        ]
    },
    "idf_norm:2": {
        "ind": [
            0.6476773690634267,
            "False"
        ],
        "rel": [
            0.657748800366454,
            "False"
        ]
    },
    "count_norm:3": {
        "ind": [
            0.6828472536436186,
            "False"
        ],
        "rel": [
            0.6857157741855195,
            "False"
        ]
    },
    "idf_wiki_norm:2": {
        "ind": [
            0.010609198451590607,
            "True"
        ],
        "rel": [
            0.02132122726453012,
            "True"
        ]
    },
    "count_norm_pmi:3": {
        "ind": [
            2.4007251447441545e-05,
            "True"
        ],
        "rel": [
            0.00024139406714977006,
            "True"
        ]
    },
    "idf_norm_pmi:2": {
        "ind": [
            2.414611413034426e-06,
            "True"
        ],
        "rel": [
            0.00024351679325071502,
            "True"
        ]
    },
    "idf_norm:3": {
        "ind": [
            0.028672789063540503,
            "True"
        ],
        "rel": [
            0.07016278353028331,
            "False"
        ]
    },
    "idf_wiki_norm:3": {
        "ind": [
            0.1285747982551658,
            "False"
        ],
        "rel": [
            0.09754500360170613,
            "False"
        ]
    },
    "idf_wiki_norm_pmi:2": {
        "ind": [
            0.0009101475346744215,
            "True"
        ],
        "rel": [
            0.0033916702267950253,
            "True"
        ]
    },
    "idf_norm_pmi:3": {
        "ind": [
            3.156409619967902e-05,
            "True"
        ],
        "rel": [
            0.0005918861052323752,
            "True"
        ]
    },
    "idf_wiki_norm_pmi:3": {
        "ind": [
            2.9578741729079143e-06,
            "True"
        ],