{
    "count:6": {
        "ind": [
            5.164273135340205e-13,
            "True"
        ],
        "rel": [
            4.584350968878628e-09,
            "True"
        ]
    },
    "idf:6": {
        "ind": [
            5.304137453954921e-09,
            "True"
        ],
        "rel": [
            7.13408495155681e-07,
            "True"
        ]
    },
    "idf_wiki:6": {
        "ind": [
            5.858708321492417e-08,
            "True"
        ],
        "rel": [
            5.070884079433711e-06,
            "True"
        ]
    },
    "count_norm:6": {
        "ind": [
            0.0002084809093325267,
            "True"
        ],
        "rel": [
            0.000651064445696475,
            "True"
        ]
    },
    "count_norm_pmi:6": {
        "ind": [
            0.010871032593820421,
            "True"
        ],
        "rel": [
            0.006260334337212522,
            "True"
        ]
    },
    "idf_norm:6": {
        "ind": [
            0.00012400301212400685,
            "True"
        ],
        "rel": [
            0.0008241342339789395,
            "True"
        ]
    },
    "idf_wiki_norm:6": {
        "ind": [
            5.276981597937627e-06,
            "True"
        ],
        "rel": [
            0.0003481468810083414,
            "True"
        ]
    },
    "idf_norm_pmi:6": {
        "ind": [
            0.0008608427191756803,
            "True"
        ],
        "rel": [
            0.004253494317857174,
            "True"
        ]
    },
    "idf_wiki_norm_pmi:6": {
        "ind": [
            9.190004069437971e-05,
            "True"
        ],
        "rel": [
            0.00010487798318710543,
            "True"
        ]
    },
    "idf:1": {
        "ind": [
            3.841772279507142e-09,
            "True"
        ],
        "rel": [
            2.236838423296949e-06,
            "True"
        ]
    },
    "idf_wiki:1": {
        "ind": [
            2.311166253600096e-14,
            "True"
        ],
        "rel": [
            3.2368520297196695e-09,
            "True"
        ]
    },
    "idf:4": {
        "ind": [
            5.718615031709687e-06,
            "True"
        ],
        "rel": [
            1.8076437813390343e-05,
            "True"
        ]
    },
    "count:4": {
        "ind": [
            6.136106107361052e-07,
            "True"
        ],
        "rel": [
            1.1308066816656108e-05,
            "True"
        ]
    },
    "count:5": {
        "ind": [
            7.172735712197475e-08,
            "True"
        ],
        "rel": [
            2.9458958729115497e-05,
            "True"
        ]
    },
    "idf:5": {
        "ind": [
            2.0392924416293685e-06,
            "True"
        ],
        "rel": [
            8.601765296549454e-05,
            "True"
        ]
    },
    "count:7": {
        "ind": [
            2.8866717588537683e-07,
            "True"
        ],
        "rel": [
            8.834836576493153e-05,
            "True"
        ]
    },
    "idf_wiki:3": {
        "ind": [
            0.003899702310191492,
            "True"
        ],
        "rel": [
            0.010779984791372703,
            "True"
        ]
    },
    "idf_wiki:7": {
        "ind": [
            5.2391845985985834e-05,
            "True"
        ],
        "rel": [
            0.00018607985220901204,
            "True"
        ]
    },
    "idf_wiki:5": {
        "ind": [
            1.3604259798894785e-07,
            "True"
        ],
        "rel": [
            5.59748895044875e-06,
            "True"
        ]
    },
    "count:2": {
        "ind": [
            2.982167044000425e-06,
            "True"
        ],
        "rel": [
            9.043263449317876e-05,
            "True"
        ]
    },
    "idf:2": {
        "ind": [
            0.6484908739632897,
            "False"
        ],
        "rel": [
            0.6857157741855642,
            "False"
        ]
    },
    "idf_wiki:4": {
        "ind": [
            0.0007596442173991802,
            "True"
        ],
        "rel": [
            0.0027675837616037155,
            "True"
        ]
    },
    "count:1": {
        "ind": [
            0.088035448979194,
            "False"
        ],
        "rel": [
            0.0962503625116033,
            "False"
        ]
    },
    "count_norm:1": {
        "ind": [
            8.410468196889545e-05,
            "True"
        ],
        "rel": [
            0.0008155668798092099,
            "True"
        ]
    },
    "count_norm_pmi:1": {
        "ind": [
            0.0012759354888566515,
            "True"
        ],
        "rel": [
            0.007034272439034003,
            "True"
        ]
    },
    "idf_norm:1": {
        "ind": [
            0.00023982002254727754,
            "True"
        ],
        "rel": [
            0.0007817581679467353,
            "True"
        ]
    },
    "idf_wiki_norm:1": {
        "ind": [
            4.1617277308521443e-07,
            "True"
        ],
        "rel": [
            1.905810910771749e-05,
            "True"
        ]
    },
    "idf_norm_pmi:1": {
        "ind": [
            0.0008245157947839478,
            "True"
        ],
        "rel": [
            0.009534613041301893,
            "True"
        ]
    },
    "idf_wiki:2": {
        "ind": [
            5.2054881200590785e-06,
            "True"
        ],
        "rel": [
            0.00033195916916687094,
            "True"
        ]
    },
    "idf_wiki_norm_pmi:1": {
        "ind": [
            0.012616529453834796,
            "True"
        ],
        "rel": [
            0.028216803759732702,
            "True"
        ]
    },
    "count_norm:2": {
        "ind": [
            0.0007312392293142254,
            "True"
        ],
        "rel": [
            0.004174544596885439,
            "True"
        ]
    },
    "count:3": {
        "ind": [
            3.479880544326599e-06,
            "True"
        ],
        "rel": [
            0.00024612772415652127,
            "True"
        ]
    },
    "count_norm_pmi:2": {
        "ind": [
            2.4007251447449033e-05,
            "True"
        ],
        "rel": [
            2.289475574293492e-06,
            "True"
        ]
    },
    "idf:3": {
        "ind": [
            0.830973744266491,
            "False"
        ],
        "rel": [
            0.8200248989009601,
            "False"
        ]
    },
    "idf_norm:2": {
        "ind": [
            0.7114410646944653,
            "False"
        ],
        "rel": [
            0.6942267225643892,
            "False"
        ]
    },
    "count_norm:3": {
        "ind": [
            0.8796301052564535,
            "False"
        ],
        "rel": [
            0.8727132019856496,
            "False"
        ]
    },
    "idf_wiki_norm:2": {
        "ind": [
            0.0018590316525392897,
            "True"
        ],
        "rel": [
            0.006202250687397466,
            "True"
        ]
    },
    "count_norm_pmi:3": {
        "ind": [
            0.000296000478936728,
            "True"
        ],
        "rel": [
            0.0007988870212240789,
            "True"
        ]
    },
    "idf_norm_pmi:2": {
        "ind": [
            1.8814810248850395e-05,
            "True"
        ],
        "rel": [
            0.0008202861053033314,
            "True"
        ]
    },
    "idf_norm:3": {
        "ind": [
            0.16162710821887077,
            "False"
        ],
        "rel": [
            0.22216685651556556,
            "False"
        ]
    },
    "idf_wiki_norm:3": {
        "ind": [
            0.0217479226490793,
            "True"
        ],
        "rel": [
            0.011942875390748396,
            "True"
        ]
    },
    "idf_wiki_norm_pmi:2": {
        "ind": [
            0.005890319582842872,
            "True"
        ],
        "rel": [
            0.009725448752738682,
            "True"
        ]
    },