{
    "idf_wiki:6": {
        "ind": [
            9.99071537033911e-06,
            "True"
        ],
        "rel": [
            0.00041176749363728096,
            "True"
        ]
    },
    "count:6": {
        "ind": [
            6.788339927248494e-09,
            "True"
        ],
        "rel": [
            2.4514453236103327e-06,
            "True"
        ]
    },
    "idf:6": {
        "ind": [
            5.832542343189325e-08,
            "True"
        ],
        "rel": [
            7.2401321861764006e-06,
            "True"
        ]
    }
}