{
    "idf_wiki_norm_pmi:4": {
        "ind": [
            7.537157010199968e-09,
            "True"
        ],
        "rel": [
            4.586001620526362e-06,
            "True"
        ]
    },
    "idf_wiki_norm_pmi:1": {
        "ind": [
            8.784556034747499e-05,
            "True"
        ],
        "rel": [
            0.00040950304649845035,
            "True"
        ]
    },
    "count_norm_pmi:2": {
        "ind": [
            0.20052403297121477,
            "False"
        ],
        "rel": [
            0.20777897491151207,
            "False"
        ]
    },
    "idf_norm:2": {
        "ind": [
            0.2578831611322967,
            "False"
        ],
        "rel": [
            0.3262674059144514,
            "False"
        ]
    },
    "idf_wiki_norm:2": {
        "ind": [
            7.81860081565968e-06,
            "True"
        ],
        "rel": [
            0.00020678294494170545,
            "True"
        ]
    },
    "count:6": {
        "ind": [
            7.268568903406758e-10,
            "True"
        ],
        "rel": [
            2.1910615427345816e-07,
            "True"
        ]
    },
    "idf:6": {
        "ind": [
            5.549754202284402e-07,
            "True"
        ],
        "rel": [
            5.058459858558037e-05,
            "True"
        ]
    },
    "idf_norm_pmi:2": {
        "ind": [
            1.2434236160537201e-05,
            "True"
        ],
        "rel": [
            0.00039970809408182667,
            "True"
        ]
    },
    "idf_wiki:6": {
        "ind": [
            4.123220257464554e-08,
            "True"
        ],
        "rel": [
            1.7278226791738611e-06,
            "True"
        ]
    },
    "count_norm:6": {
        "ind": [
            1.2190482256060138e-06,
            "True"
        ],
        "rel": [
            2.9379364472233987e-05,
            "True"
        ]
    },
    "idf_wiki_norm_pmi:2": {
        "ind": [
            2.7962558375373857e-06,
            "True"
        ],
        "rel": [
            0.00010334411338914621,
            "True"
        ]
    },
    "count_norm_pmi:6": {
        "ind": [
            3.4676084027148247e-07,
            "True"
        ],
        "rel": [
            5.922345559303403e-05,
            "True"
        ]
    },
    "idf_norm:6": {
        "ind": [
            0.0001292069867705013,
            "True"
        ],
        "rel": [
            0.0014859583644771664,
            "True"
        ]
    },
    "idf_wiki_norm:6": {
        "ind": [
            0.00021091665235827041,
            "True"
        ],
        "rel": [
            0.0006880009445525006,
            "True"
        ]
    },
    "idf_norm_pmi:6": {
        "ind": [
            1.4907288492500498e-06,
            "True"
        ],
        "rel": [
            2.551514562592831e-05,
            "True"
        ]
    },
    "idf_wiki_norm_pmi:6": {
        "ind": [
            0.0003843167333475923,
            "True"
        ],
        "rel": [
            0.002891280987302723,
            "True"
        ]
    },
    "idf:2": {
        "ind": [
            0.00013622247841128322,
            "True"
        ],
        "rel": [
            0.0036121289505017537,
            "True"
        ]
    },
    "idf:4": {
        "ind": [
            6.586472447016252e-12,
            "True"
        ],
        "rel": [
            3.481225357192705e-07,
            "True"
        ]
    },
    "count:2": {
        "ind": [
            0.00063665630403712,
            "True"
        ],
        "rel": [
            0.005937113484013697,
            "True"
        ]
    },
    "count:1": {
        "ind": [
            0.245609859324597,
            "False"
        ],
        "rel": [
            0.2881414476831725,
            "False"
        ]
    },
    "idf:1": {
        "ind": [
            6.360169722456838e-11,
            "True"
        ],
        "rel": [
            2.40044278356295e-07,
            "True"
        ]
    },
    "count:4": {
        "ind": [
            1.0507273169848915e-05,
            "True"
        ],
        "rel": [
            0.00017106362915013216,
            "True"
        ]
    },
    "idf_wiki:1": {
        "ind": [
            3.762941800989232e-15,
            "True"
        ],
        "rel": [
            1.9802423884034234e-09,
            "True"
        ]
    },
    "count_norm:1": {
        "ind": [
            1.7839065906590085e-06,
            "True"
        ],
        "rel": [
            9.807698141133674e-06,
            "True"
        ]
    },
    "idf_wiki:2": {
        "ind": [
            6.38713782792696e-16,
            "True"
        ],
        "rel": [
            2.294057962529666e-10,
            "True"
        ]
    },
    "idf_wiki:4": {
        "ind": [
            1.5799261736379635e-08,
            "True"
        ],
        "rel": [
            4.042165115990254e-06,
            "True"
        ]
    },
    "count_norm_pmi:1": {
        "ind": [
            0.00527310554818782,
            "True"
        ],
        "rel": [
            0.0170148404789358,
            "True"
        ]
    },
    "count_norm:2": {
        "ind": [
            7.853270910951492e-11,
            "True"
        ],
        "rel": [
            2.6574581113548774e-07,
            "True"
        ]
    },
    "count_norm:4": {
        "ind": [
            0.0008673409292149501,
            "True"
        ],
        "rel": [
            0.0031321673540693267,
            "True"
        ]
    },
    "idf_norm:1": {
        "ind": [
            0.0026788027822161145,
            "True"
        ],
        "rel": [
            0.007396646222187647,
            "True"
        ]
    },
    "count_norm_pmi:4": {
        "ind": [
            2.2507329844031797e-08,
            "True"
        ],
        "rel": [
            1.5944571116412536e-05,
            "True"
        ]
    },
    "idf_wiki_norm:1": {
        "ind": [
            1.7256419278990275e-14,
            "True"
        ],
        "rel": [
            6.568204461390084e-09,
            "True"
        ]
    },
    "idf_norm:4": {
        "ind": [
            1.7252380369834871e-06,
            "True"
        ],
        "rel": [
            9.393466411199177e-05,
            "True"
        ]
    },
    "idf_norm_pmi:1": {
        "ind": [
            2.4941447601352687e-08,
            "True"
        ],
        "rel": [
            1.5969459417191424e-06,
            "True"
        ]
    },
    "idf_wiki_norm:4": {
        "ind": [
            8.52986936536943e-05,
            "True"
        ],
        "rel": [
            0.0010594329431982577,
            "True"
        ]
    },
    "idf_norm_pmi:4": {
        "ind": [
            6.545491518245766e-06,
            "True"
        ],
        "rel": [
            0.00011665974798318442,
            "True"
        ]
    }
}