{
    "idf_wiki_norm_pmi:4": {
        "ind": [
            6.230139420590097e-08,
            "True"
        ],
        "rel": [
            1.2630640777918598e-05,
            "True"
        ]
    },
    "idf_wiki_norm_pmi:1": {
        "ind": [
            0.00029276087914587105,
            "True"
        ],
        "rel": [
            0.0006643152528530156,
            "True"
        ]
    },
    "count_norm_pmi:2": {
        "ind": [
            0.3835480814030695,
            "False"
        ],
        "rel": [
            0.3897924469808588,
            "False"
        ]
    },
    "idf_norm:2": {
        "ind": [
            0.10073253840242556,
            "False"
        ],
        "rel": [
            0.17097721577466116,
            "False"
        ]
    },
    "idf_wiki_norm:2": {
        "ind": [
            3.7266111157343824e-06,
            "True"
        ],
        "rel": [
            0.00016226423689968486,
            "True"
        ]
    },
    "count:6": {
        "ind": [
            7.811604994581772e-08,
            "True"
        ],
        "rel": [
            6.703641607875546e-06,
            "True"
        ]
    },
    "idf:6": {
        "ind": [
            1.8630807011573217e-06,
            "True"
        ],
        "rel": [
            0.00011589422245768095,
            "True"
        ]
    },
    "idf_norm_pmi:2": {
        "ind": [
            3.500757934518231e-05,
            "True"
        ],
        "rel": [
            0.0007351912564731626,
            "True"
        ]
    },
    "idf_wiki:6": {
        "ind": [
            2.3150494997731798e-07,
            "True"
        ],
        "rel": [
            4.42940261986575e-06,
            "True"
        ]
    },
    "count_norm:6": {
        "ind": [
            7.371271854706351e-06,
            "True"
        ],
        "rel": [
            7.234039268010699e-05,
            "True"
        ]
    },
    "idf_wiki_norm_pmi:2": {
        "ind": [
            2.168026645951749e-05,
            "True"
        ],
        "rel": [
            0.00020455881331712012,
            "True"
        ]
    },
    "count_norm_pmi:6": {
        "ind": [
            2.4476825709911734e-06,
            "True"
        ],
        "rel": [
            0.00017448812286259628,
            "True"
        ]
    },
    "idf_norm:6": {
        "ind": [
            0.00036952975807145934,
            "True"
        ],
        "rel": [
            0.0033462413836682177,
            "True"
        ]
    },
    "idf_wiki_norm:6": {
        "ind": [
            0.0005451936158285921,
            "True"
        ],
        "rel": [
            0.0010897003557871843,
            "True"
        ]
    },
    "idf_norm_pmi:6": {
        "ind": [
            5.728616343972461e-06,
            "True"
        ],
        "rel": [
            4.549650083066163e-05,
            "True"
        ]
    },
    "idf_wiki_norm_pmi:6": {
        "ind": [
            0.001165626047104652,
            "True"
        ],
        "rel": [
            0.006235361199011514,
            "True"
        ]
    },
    "count:5": {
        "ind": [
            1.990511326070947e-12,
            "True"
        ],
        "rel": [
            6.90190462388061e-08,
            "True"
        ]
    },
    "idf:5": {
        "ind": [
            3.261359556787555e-07,
            "True"
        ],
        "rel": [
            3.0868911623197344e-05,
            "True"
        ]
    },
    "idf_wiki:5": {
        "ind": [
            5.6714841643935134e-05,
            "True"
        ],
        "rel": [
            0.00022344190794228343,
            "True"
        ]
    },
    "count_norm:5": {
        "ind": [
            2.894533837288619e-05,
            "True"
        ],
        "rel": [
            0.00011676150042648972,
            "True"
        ]
    },
    "count_norm_pmi:5": {
        "ind": [
            0.00018581387989718062,
            "True"
        ],
        "rel": [
            0.0018045343966887656,
            "True"
        ]
    },
    "idf_norm:5": {
        "ind": [
            1.5625211862831173e-05,
            "True"
        ],
        "rel": [
            0.00037013614549363073,
            "True"
        ]
    },
    "idf_wiki_norm:5": {
        "ind": [
            1.807165279602316e-05,
            "True"
        ],
        "rel": [
            0.0002373881974081037,
            "True"
        ]
    },
    "idf_norm_pmi:5": {
        "ind": [
            1.2618018106967697e-06,
            "True"
        ],
        "rel": [
            4.084493344457926e-05,
            "True"
        ]
    },
    "idf_wiki_norm_pmi:5": {
        "ind": [
            1.258804631428787e-07,
            "True"
        ],
        "rel": [
            1.3192406561654593e-05,
            "True"
        ]
    },
    "count:3": {
        "ind": [
            2.230148226737003e-07,
            "True"
        ],
        "rel": [
            2.2205847682580076e-05,
            "True"
        ]
    },
    "idf:3": {
        "ind": [
            0.00019022069866770795,
            "True"
        ],
        "rel": [
            0.0036552975778717076,
            "True"
        ]
    },
    "idf:2": {
        "ind": [
            5.488241456621903e-05,
            "True"
        ],
        "rel": [
            0.0025287110070880683,
            "True"
        ]
    },
    "idf:4": {
        "ind": [
            2.6703605017791035e-06,
            "True"
        ],
        "rel": [
            0.00012967988575912116,
            "True"
        ]
    },
    "count:2": {
        "ind": [
            0.012973717443446517,
            "True"
        ],
        "rel": [
            0.03511952228859442,
            "True"
        ]
    },
    "idf_wiki:3": {
        "ind": [
            0.0002076640150885039,
            "True"
        ],
        "rel": [
            0.00045414185564596974,
            "True"
        ]
    },
    "count_norm:3": {
        "ind": [
            0.032331153130200546,
            "True"
        ],
        "rel": [
            0.07428443106406225,
            "False"
        ]
    },
    "count_norm_pmi:3": {
        "ind": [
            6.825954963697622e-09,
            "True"
        ],
        "rel": [
            1.3634654112782382e-05,
            "True"
        ]
    },
    "idf_norm:3": {
        "ind": [
            0.0022189587412775164,
            "True"
        ],
        "rel": [
            0.004529006868648648,
            "True"
        ]
    },
    "count:1": {
        "ind": [
            0.10496505339857246,
            "False"
        ],
        "rel": [
            0.13679699101034967,
            "False"
        ]
    },
    "idf:1": {
        "ind": [
            4.9380656037362235e-11,
            "True"
        ],
        "rel": [
            2.1491011795122847e-07,
            "True"
        ]
    },
    "count:4": {
        "ind": [
            2.9061251838474853e-05,
            "True"
        ],
        "rel": [
            0.00020763359271737397,
            "True"
        ]
    },
    "idf_wiki:1": {
        "ind": [
            3.4298966409143444e-15,
            "True"
        ],
        "rel": [
            1.9518103544124992e-09,
            "True"
        ]
    },
    "count_norm:1": {
        "ind": [
            8.816475198113775e-07,
            "True"
        ],
        "rel": [
            5.260832362945848e-06,
            "True"
        ]
    },
    "idf_wiki:2": {
        "ind": [
            9.83676002506586e-16,
            "True"
        ],
        "rel": [
            4.2930303230114456e-10,
            "True"
        ]
    },
    "idf_wiki:4": {
        "ind": [
            1.9127657657167402e-07,
            "True"
        ],
        "rel": [
            1.4648159482734027e-05,
            "True"
        ]
    },
    "count_norm_pmi:1": {
        "ind": [
            0.016340021562197826,
            "True"
        ],