{
    "count:1": {
        "ind": [
            0.04711704606392863,
            "True"
        ],
        "rel": [
            0.07146215627915739,
            "False"
        ]
    },
    "idf:1": {
        "ind": [
            3.9107806124367686e-11,
            "True"
        ],
        "rel": [
            2.3615417711850048e-07,
            "True"
        ]
    },
    "count:2": {
        "ind": [
            0.0979671517326516,
            "False"
        ],
        "rel": [
            0.13953574868130433,
            "False"
        ]
    },
    "count:4": {
        "ind": [
            6.795478811597329e-05,
            "True"
        ],
        "rel": [
            0.0003925013357957359,
            "True"
        ]
    },
    "idf_wiki:1": {
        "ind": [
            3.1301368925479598e-15,
            "True"
        ],
        "rel": [
            1.6976654206065708e-09,
            "True"
        ]
    },
    "count:6": {
        "ind": [
            2.9578338509082097e-05,
            "True"
        ],
        "rel": [
            0.00043279475749828775,
            "True"
        ]
    },
    "idf:2": {
        "ind": [
            4.0369715395844295e-05,
            "True"
        ],
        "rel": [
            0.0019396997925311807,
            "True"
        ]
    },
    "idf:4": {
        "ind": [
            0.0044016452483085534,
            "True"
        ],
        "rel": [
            0.01423640879676016,
            "True"
        ]
    },
    "count_norm:1": {
        "ind": [
            4.76602895857314e-07,
            "True"
        ],
        "rel": [
            4.2102643215274294e-06,
            "True"
        ]
    },
    "idf_wiki:2": {
        "ind": [
            1.1746332630859731e-15,
            "True"
        ],
        "rel": [
            2.9668299430973174e-10,
            "True"
        ]
    },
    "idf:6": {
        "ind": [
            5.081704827080242e-06,
            "True"
        ],
        "rel": [
            0.00013766823710984245,
            "True"
        ]
    },
    "idf_wiki:4": {
        "ind": [
            1.3271654025765438e-06,
            "True"
        ],
        "rel": [
            4.946024648734591e-05,
            "True"
        ]
    },
    "count_norm_pmi:1": {
        "ind": [
            0.03948311585845411,
            "True"
        ],
        "rel": [
            0.06677560449439407,
            "False"
        ]
    },
    "count_norm:2": {
        "ind": [
            4.711429162016732e-11,
            "True"
        ],
        "rel": [
            1.5322476677144396e-07,
            "True"
        ]
    },
    "idf_wiki:6": {
        "ind": [
            9.314654864534709e-07,
            "True"
        ],
        "rel": [
            0.00014665571191884916,
            "True"
        ]
    },
    "count_norm:4": {
        "ind": [
            0.006171196519379073,
            "True"
        ],
        "rel": [
            0.014784972153283378,
            "True"
        ]
    },
    "idf_norm:1": {
        "ind": [
            0.0009821730677348373,
            "True"
        ],
        "rel": [
            0.0037213911830042187,
            "True"
        ]
    },
    "count_norm_pmi:2": {
        "ind": [
            0.6021563074076148,
            "False"
        ],
        "rel": [
            0.6263141252702277,
            "False"
        ]
    },
    "count_norm_pmi:4": {
        "ind": [
            6.922274984291534e-07,
            "True"
        ],
        "rel": [
            9.84515372352478e-05,
            "True"
        ]
    },
    "count_norm:6": {
        "ind": [
            3.157089145607511e-05,
            "True"
        ],
        "rel": [
            0.001241815357831461,
            "True"
        ]
    },
    "idf_wiki_norm:1": {
        "ind": [
            1.5342081024978402e-14,
            "True"
        ],
        "rel": [
            7.141058794995505e-09,
            "True"
        ]
    },
    "idf_norm:2": {
        "ind": [
            0.041418165972835895,
            "True"
        ],
        "rel": [
            0.07696375430828183,
            "False"
        ]
    },
    "idf_norm:4": {
        "ind": [
            1.3480789045254653e-05,
            "True"
        ],
        "rel": [
            0.0002805649583898041,
            "True"
        ]
    },
    "idf_norm_pmi:1": {
        "ind": [
            2.33018960907659e-06,
            "True"
        ],
        "rel": [
            3.3213442386646e-05,
            "True"
        ]
    },
    "count_norm_pmi:6": {
        "ind": [
            1.1740384729173227e-05,
            "True"
        ],
        "rel": [
            0.00017799863483564736,
            "True"
        ]
    },
    "idf_wiki_norm:2": {
        "ind": [
            1.9668763112016484e-06,
            "True"
        ],
        "rel": [
            0.000173277236878174,
            "True"
        ]
    },
    "idf_wiki_norm:4": {
        "ind": [
            0.0006875792282488366,
            "True"
        ],
        "rel": [
            0.00440483876227552,
            "True"
        ]
    },
    "idf_wiki_norm_pmi:1": {
        "ind": [
            0.0007876005248426439,
            "True"
        ],
        "rel": [
            0.003809653363422696,
            "True"
        ]
    },
    "idf_norm_pmi:2": {
        "ind": [
            8.301666020370418e-05,
            "True"
        ],
        "rel": [
            0.0007515484815266754,
            "True"
        ]
    },
    "idf_norm:6": {
        "ind": [
            0.0008813128825890067,
            "True"
        ],
        "rel": [
            0.0013947104380791194,
            "True"
        ]
    },
    "idf_norm_pmi:4": {
        "ind": [
            7.264676284478973e-05,
            "True"
        ],
        "rel": [
            0.0005489235185286886,
            "True"
        ]
    },
    "idf_wiki_norm_pmi:2": {
        "ind": [
            0.00011091973370891657,
            "True"
        ],
        "rel": [
            0.0015278638274877697,
            "True"
        ]
    },
    "idf_wiki_norm:6": {
        "ind": [
            0.0011983678911733702,
            "True"
        ],
        "rel": [
            0.009847366020621437,
            "True"
        ]
    },
    "idf_wiki_norm_pmi:4": {
        "ind": [
            3.2931369733706733e-07,
            "True"
        ],
        "rel": [
            7.934843184669334e-06,
            "True"
        ]
    },
    "idf_norm_pmi:6": {
        "ind": [
            1.7389564446970103e-05,
            "True"
        ],
        "rel": [
            0.00019790899617761775,
            "True"
        ]
    },
    "idf_wiki_norm_pmi:6": {
        "ind": [
            0.0028875991340790957,
            "True"
        ],
        "rel": [
            0.0016922381962670516,
            "True"
        ]
    }
}