{
    "idf_norm_pmi:19": {
        "ind": [
            8.50243566129174e-05,
            "True"
        ],
        "rel": [
            6.104223436188667e-05,
            "True"
        ]
    },
    "idf_wiki_norm:9": {
        "ind": [
            4.539595977483519e-07,
            "True"
        ],
        "rel": [
            4.088493040215244e-06,
            "True"
        ]
    },
    "idf_norm:7": {
        "ind": [
            0.18012144600674748,
            "False"
        ],
        "rel": [
            0.2909210549460614,
            "False"
        ]
    },
    "idf_wiki_norm_pmi:13": {
        "ind": [
            0.0064289057991562416,
            "True"
        ],
        "rel": [
            0.013547643231399287,
            "True"
        ]
    },
    "idf_wiki_norm:7": {
        "ind": [
            0.019218081049093772,
            "True"
        ],
        "rel": [
            0.036808621333516055,
            "True"
        ]
    },
    "idf_wiki_norm_pmi:19": {
        "ind": [
            0.0017851578879195039,
            "True"
        ],
        "rel": [
            0.005333305127283286,
            "True"
        ]
    },
    "idf_norm_pmi:9": {
        "ind": [
            0.0002693616802326368,
            "True"
        ],
        "rel": [
            0.0005036753432085762,
            "True"
        ]
    },
    "idf_norm_pmi:7": {
        "ind": [
            0.0005746089962344723,
            "True"
        ],
        "rel": [
            0.001326475244515858,
            "True"
        ]
    },
    "count:16": {
        "ind": [
            0.0006189047869907796,
            "True"
        ],
        "rel": [
            0.005555772366720747,
            "True"
        ]
    },
    "idf_wiki_norm_pmi:9": {
        "ind": [
            0.00014589298986589198,
            "True"
        ],
        "rel": [
            0.0004462871398541349,
            "True"
        ]
    },
    "idf:16": {
        "ind": [
            9.757992574523153e-05,
            "True"
        ],
        "rel": [
            0.00043865756819606475,
            "True"
        ]
    },
    "idf_wiki_norm_pmi:7": {
        "ind": [
            1.783101475067173e-05,
            "True"
        ],
        "rel": [
            4.775904513751065e-05,
            "True"
        ]
    },
    "idf_wiki:16": {
        "ind": [
            0.0007136084351009685,
            "True"
        ],
        "rel": [
            0.0015448118339908992,
            "True"
        ]
    },
    "count_norm:16": {
        "ind": [
            0.0003591492944500138,
            "True"
        ],
        "rel": [
            0.0009766291910909479,
            "True"
        ]
    },
    "count_norm_pmi:16": {
        "ind": [
            0.00028047857454550803,
            "True"
        ],
        "rel": [
            0.0004564184670066699,
            "True"
        ]
    },
    "idf_norm:16": {
        "ind": [
            2.623481846205591e-05,
            "True"
        ],
        "rel": [
            0.0002707470243416623,
            "True"
        ]
    },
    "idf_wiki_norm:16": {
        "ind": [
            4.547213998348948e-05,
            "True"
        ],
        "rel": [
            0.00037532776692588056,
            "True"
        ]
    },
    "idf_norm_pmi:16": {
        "ind": [
            0.00048613154955365047,
            "True"
        ],
        "rel": [
            0.0008639363586407671,
            "True"
        ]
    },
    "idf_wiki_norm_pmi:16": {
        "ind": [
            2.0254834315591602e-05,
            "True"
        ],
        "rel": [
            0.00045435201948839667,
            "True"
        ]
    },
    "count:9": {
        "ind": [
            1.1223233313173654e-11,
            "True"
        ],
        "rel": [
            4.784159305061697e-08,
            "True"
        ]
    },
    "count:19": {
        "ind": [
            5.856535063070212e-11,
            "True"
        ],
        "rel": [
            2.599277035996363e-07,
            "True"
        ]
    },
    "idf:13": {
        "ind": [
            9.448731687018298e-11,
            "True"
        ],
        "rel": [
            7.044824584069033e-07,
            "True"
        ]
    },
    "idf:19": {
        "ind": [
            9.487618201502585e-06,
            "True"
        ],
        "rel": [
            0.0008913331103091313,
            "True"
        ]
    },
    "count:13": {
        "ind": [
            0.001983716593606645,
            "True"
        ],
        "rel": [
            0.010921714710878239,
            "True"
        ]
    },
    "idf_wiki:13": {
        "ind": [
            0.020290458850639372,
            "True"
        ],
        "rel": [
            0.029136654237607033,
            "True"
        ]
    },
    "count_norm:13": {
        "ind": [
            0.06683259631944911,
            "False"
        ],
        "rel": [
            0.08823405558393797,
            "False"
        ]
    },
    "count_norm_pmi:13": {
        "ind": [
            0.0014225294907059286,
            "True"
        ],
        "rel": [
            0.00953362450055673,
            "True"
        ]
    },
    "idf_wiki:19": {
        "ind": [
            6.975249254277774e-05,
            "True"
        ],
        "rel": [
            0.00025083151720138965,
            "True"
        ]
    },
    "count_norm:19": {
        "ind": [
            1.906885118902308e-07,
            "True"
        ],
        "rel": [
            7.348457716695394e-06,
            "True"
        ]
    },
    "count_norm_pmi:19": {
        "ind": [
            3.110508763223999e-06,
            "True"
        ],
        "rel": [
            8.969797515509637e-05,
            "True"
        ]
    },
    "idf_norm:19": {
        "ind": [
            1.1476359729858397e-07,
            "True"
        ],
        "rel": [
            2.3049739451835882e-05,
            "True"
        ]
    },
    "idf_wiki_norm:19": {
        "ind": [
            0.0037332311999928773,
            "True"
        ],
        "rel": [
            0.009614849444518363,
            "True"
        ]
    },
    "count:7": {
        "ind": [
            3.122255962694079e-05,
            "True"
        ],
        "rel": [
            0.0010452004872514948,
            "True"
        ]
    },
    "idf:7": {
        "ind": [
            0.008131165644965516,
            "True"
        ],
        "rel": [
            0.007907178984140095,
            "True"
        ]
    },
    "idf_wiki:7": {
        "ind": [
            0.003226737957385793,
            "True"
        ],
        "rel": [
            0.003017619614313818,
            "True"
        ]
    },
    "count_norm:7": {
        "ind": [
            0.7224761564343731,
            "False"
        ],
        "rel": [
            0.6963834980199981,
            "False"
        ]
    },
    "count_norm_pmi:7": {
        "ind": [
            3.2610995460944965e-05,
            "True"
        ],
        "rel": [
            0.001953797187648954,
            "True"
        ]
    },
    "idf:9": {
        "ind": [
            0.0005658509240090169,
            "True"
        ],
        "rel": [
            0.005196598686926982,
            "True"
        ]
    },
    "idf_wiki:9": {
        "ind": [
            0.03858526521095571,
            "True"
        ],
        "rel": [
            0.0591563799521799,
            "False"
        ]
    },
    "count_norm:9": {
        "ind": [
            8.617020944730593e-05,
            "True"
        ],
        "rel": [
            0.0006232273938408478,
            "True"
        ]
    },
    "count_norm_pmi:9": {
        "ind": [
            0.0015428358764995897,
            "True"
        ],
        "rel": [
            0.006256810918522714,
            "True"
        ]
    },
    "idf_norm:9": {
        "ind": [
            1.0136025437646413e-06,
            "True"
        ],