{
    "count:13": {
        "ind": [
            0.001983716593606645,
            "True"
        ],
        "rel": [
            0.010921714710878239,
            "True"
        ]
    },
    "idf:13": {
        "ind": [
            3.8374817104410915e-07,
            "True"
        ],
        "rel": [
            2.5351117698517555e-06,
            "True"
        ]
    },
    "idf_wiki:13": {
        "ind": [
            0.020290458850639372,
            "True"
        ],
        "rel": [
            0.029136654237607033,
            "True"
        ]
    },
    "count_norm:13": {
        "ind": [
            0.06683259631944911,
            "False"
        ],
        "rel": [
            0.08823405558393797,
            "False"
        ]
    },
    "count_norm_pmi:13": {
        "ind": [
            0.0014225294907059286,
            "True"
        ],
        "rel": [
            0.00953362450055673,
            "True"
        ]
    },
    "count:19": {
        "ind": [
            3.169919243524572e-06,
            "True"
        ],
        "rel": [
            0.000308447751528832,
            "True"
        ]
    },
    "idf:19": {
        "ind": [
            0.0002539819130330298,
            "True"
        ],
        "rel": [
            0.003611210587461033,
            "True"
        ]
    },
    "idf_wiki:19": {
        "ind": [
            6.975249254277774e-05,
            "True"
        ],
        "rel": [
            0.00025083151720138965,
            "True"
        ]
    },
    "count_norm:19": {
        "ind": [
            1.906885118902308e-07,
            "True"
        ],
        "rel": [
            7.348457716695394e-06,
            "True"
        ]
    },
    "count_norm_pmi:19": {
        "ind": [
            3.110508763223999e-06,
            "True"
        ],
        "rel": [
            8.969797515509637e-05,
            "True"
        ]
    },
    "idf_norm:19": {
        "ind": [
            1.1476359729858397e-07,
            "True"
        ],
        "rel": [
            2.3049739451835882e-05,
            "True"
        ]
    },
    "idf_wiki_norm:19": {
        "ind": [
            0.0037332311999928773,
            "True"
        ],
        "rel": [
            0.009614849444518363,
            "True"
        ]
    },
    "idf_norm_pmi:19": {
        "ind": [
            8.50243566129174e-05,
            "True"
        ],
        "rel": [
            0.0018564406230081297,
            "True"
        ]
    },
    "idf_wiki_norm_pmi:19": {
        "ind": [
            0.0017851578879195039,
            "True"
        ],
        "rel": [
            0.004710215596792895,
            "True"
        ]
    },
    "count:7": {
        "ind": [
            3.122255962694079e-05,
            "True"
        ],
        "rel": [
            0.0010452004872514948,
            "True"
        ]
    },
    "count:16": {
        "ind": [
            0.001059863331202046,
            "True"
        ],
        "rel": [
            0.0038730471485912228,
            "True"
        ]
    },
    "idf:7": {
        "ind": [
            0.008131165644965516,
            "True"
        ],
        "rel": [
            0.007907178984140095,
            "True"
        ]
    },
    "idf:16": {
        "ind": [
            9.75799257452319e-05,
            "True"
        ],
        "rel": [
            0.0012425602241488496,
            "True"
        ]
    },
    "idf_wiki:7": {
        "ind": [
            0.003226737957385793,
            "True"
        ],
        "rel": [
            0.003017619614313818,
            "True"
        ]
    },
    "idf_wiki:16": {
        "ind": [
            0.0007136084351009685,
            "True"
        ],
        "rel": [
            0.0013861701048351234,
            "True"
        ]
    },
    "count_norm:7": {
        "ind": [
            0.7224761564343731,
            "False"
        ],
        "rel": [
            0.6963834980199981,
            "False"
        ]
    },
    "count_norm:16": {
        "ind": [
            0.0003591492944500138,
            "True"
        ],
        "rel": [
            0.0007311784184536913,
            "True"
        ]
    },
    "count_norm_pmi:7": {
        "ind": [
            3.2610995460944965e-05,
            "True"
        ],
        "rel": [
            0.001953797187648954,
            "True"
        ]
    },
    "count_norm_pmi:16": {
        "ind": [
            0.000280478574545406,
            "True"
        ],
        "rel": [
            0.0036034732752413257,
            "True"
        ]
    },
    "idf_norm:16": {
        "ind": [
            2.623481846205591e-05,
            "True"
        ],
        "rel": [
            6.529189988971612e-05,
            "True"
        ]
    },
    "idf_norm:7": {
        "ind": [
            0.18012144600674748,
            "False"
        ],
        "rel": [
            0.05107473509430008,
            "False"
        ]
    },
    "idf_wiki_norm:16": {
        "ind": [
            4.547213998347951e-05,
            "True"
        ],
        "rel": [
            0.00040276994215215705,
            "True"
        ]
    },
    "idf_wiki_norm:7": {
        "ind": [
            0.019218081049093772,
            "True"
        ],
        "rel": [
            0.02999716611632491,
            "True"
        ]
    },
    "idf_norm_pmi:16": {
        "ind": [
            0.00048613154955365047,
            "True"
        ],
        "rel": [
            0.0032422582471775116,
            "True"
        ]
    },
    "idf_norm_pmi:7": {
        "ind": [
            0.0005746089962344723,
            "True"
        ],
        "rel": [
            0.006470032414748662,
            "True"
        ]
    },
    "idf_wiki_norm_pmi:16": {
        "ind": [
            2.0254834315591602e-05,
            "True"
        ],
        "rel": [
            0.0005346526041861458,
            "True"
        ]
    },
    "idf_wiki_norm_pmi:7": {
        "ind": [
            1.783101475067446e-05,
            "True"
        ],
        "rel": [
            0.00047421707495716003,
            "True"
        ]
    },
    "count:9": {
        "ind": [
            0.00048463455315819086,
            "True"
        ],
        "rel": [
            0.0007162298336414239,
            "True"
        ]
    },
    "idf:9": {
        "ind": [
            0.0005658509240090169,
            "True"
        ],
        "rel": [
            0.005196598686926982,
            "True"
        ]
    },
    "idf_wiki:9": {
        "ind": [
            0.03858526521095571,
            "True"
        ],
        "rel": [
            0.0591563799521799,
            "False"
        ]
    },
    "count_norm:9": {
        "ind": [
            8.617020944730593e-05,
            "True"
        ],
        "rel": [
            0.0006232273938408478,
            "True"
        ]
    },
    "count_norm_pmi:9": {
        "ind": [
            0.0015428358764995897,
            "True"
        ],
        "rel": [
            0.006256810918522714,
            "True"
        ]
    },
    "idf_norm:9": {
        "ind": [
            1.0136025437646413e-06,
            "True"
        ],
        "rel": [
            1.6701054137501717e-05,
            "True"
        ]
    },
    "idf_wiki_norm:9": {
        "ind": [
            4.5395959774841564e-07,
            "True"
        ],
        "rel": [
            7.03158386795441e-05,
            "True"
        ]
    },
    "idf_norm_pmi:9": {
        "ind": [
            0.0002693616802326368,
            "True"
        ],
        "rel": [
            0.002093407822571287,
            "True"
        ]
    },
    "idf_wiki_norm_pmi:9": {
        "ind": [
            0.0001458929898659156,
            "True"
        ],
        "rel": [
            0.0028196843476184477,
            "True"
        ]
    },
    "idf_norm:13": {
        "ind": [
            3.313711226345623e-06,
            "True"
        ],