{
    "count:1": {
        "ind": [
            0.01976151463094883,
            "True"
        ],
        "rel": [
            0.024740268351900803,
            "True"
        ]
    },
    "idf:1": {
        "ind": [
            1.0730817949264564e-05,
            "True"
        ],
        "rel": [
            0.0002903699336249028,
            "True"
        ]
    },
    "idf_wiki:1": {
        "ind": [
            6.60792334506403e-08,
            "True"
        ],
        "rel": [
            4.600461035115717e-05,
            "True"
        ]
    },
    "count_norm:1": {
        "ind": [
            0.0003356154194747328,
            "True"
        ],
        "rel": [
            0.0008826277386149956,
            "True"
        ]
    },
    "count_norm_pmi:1": {
        "ind": [
            4.12930724423699e-06,
            "True"
        ],
        "rel": [
            0.0006457022927373066,
            "True"
        ]
    },
    "idf_norm:1": {
        "ind": [
            0.00018266045434648184,
            "True"
        ],
        "rel": [
            0.00036116659771173417,
            "True"
        ]
    },
    "idf_wiki_norm:1": {
        "ind": [
            0.605912324870886,
            "False"
        ],
        "rel": [
            0.5210082676788386,
            "False"
        ]
    },
    "idf_norm_pmi:1": {
        "ind": [
            0.00016310179883832312,
            "True"
        ],
        "rel": [
            0.0010358240336767132,
            "True"
        ]
    },
    "idf_wiki_norm_pmi:1": {
        "ind": [
            0.02935087486704045,
            "True"
        ],
        "rel": [
            0.01851581468074491,
            "True"
        ]
    },
    "count:2": {
        "ind": [
            0.004214588670140275,
            "True"
        ],
        "rel": [
            0.002651225848173408,
            "True"
        ]
    },
    "idf:2": {
        "ind": [
            0.011809950510275544,
            "True"
        ],
        "rel": [
            0.03630389043708327,
            "True"
        ]
    },
    "idf_wiki:2": {
        "ind": [
            0.0002206263381474544,
            "True"
        ],
        "rel": [
            0.0012065129658567074,
            "True"
        ]
    },
    "count_norm:2": {
        "ind": [
            0.0003747596966508537,
            "True"
        ],
        "rel": [
            0.002265697026807929,
            "True"
        ]
    },
    "count_norm_pmi:2": {
        "ind": [
            5.1840250975276115e-06,
            "True"
        ],
        "rel": [
            0.00033888129423132704,
            "True"
        ]
    },
    "idf_norm:2": {
        "ind": [
            0.00016165481775130383,
            "True"
        ],
        "rel": [
            0.004195642215241281,
            "True"
        ]
    },
    "idf_wiki_norm:2": {
        "ind": [
            0.00018636713713252663,
            "True"
        ],
        "rel": [
            0.0007119433030278756,
            "True"
        ]
    },
    "idf_norm_pmi:2": {
        "ind": [
            0.0002545169419601306,
            "True"
        ],
        "rel": [
            2.7711926780131764e-05,
            "True"
        ]
    },
    "idf_wiki_norm_pmi:2": {
        "ind": [
            4.086193873101263e-05,
            "True"
        ],
        "rel": [
            0.0011645718164431831,
            "True"
        ]
    },
    "count:3": {
        "ind": [
            2.01921724306875e-05,
            "True"
        ],
        "rel": [
            0.0013751936680003003,
            "True"
        ]
    },
    "idf:3": {
        "ind": [
            8.061623990011464e-05,
            "True"
        ],
        "rel": [
            4.889140747788933e-05,
            "True"
        ]
    },
    "idf_wiki:3": {
        "ind": [
            1.5225550881263008e-05,
            "True"
        ],
        "rel": [
            0.0011602983705157012,
            "True"
        ]
    },
    "count_norm:3": {
        "ind": [
            0.00035976736226241086,
            "True"
        ],
        "rel": [
            0.0021109480849837597,
            "True"
        ]
    },
    "count_norm_pmi:3": {
        "ind": [
            2.960675482228653e-06,
            "True"
        ],
        "rel": [
            0.0001389640158947898,
            "True"
        ]
    },
    "idf_norm:3": {
        "ind": [
            4.499338905025221e-05,
            "True"
        ],
        "rel": [
            0.00039126578075591984,
            "True"
        ]
    },
    "idf_wiki_norm:3": {
        "ind": [
            7.187074652690186e-05,
            "True"
        ],
        "rel": [
            8.507170191350619e-05,
            "True"
        ]
    },
    "idf_norm_pmi:3": {
        "ind": [
            9.251568903903773e-05,
            "True"
        ],
        "rel": [
            0.0009533544945603316,
            "True"
        ]
    },
    "idf_wiki_norm_pmi:3": {
        "ind": [
            0.0006324391907385375,
            "True"
        ],
        "rel": [
            0.0003498192344328382,
            "True"
        ]
    }
}