{
    "count:2": {
        "ind": [
            4.290380367226201e-08,
            "True"
        ],
        "rel": [
            6.023700476808356e-06,
            "True"
        ]
    },
    "count:3": {
        "ind": [
            1.379867661972325e-09,
            "True"
        ],
        "rel": [
            1.1520949775831122e-09,
            "True"
        ]
    },
    "idf:2": {
        "ind": [
            4.0386534582809995e-05,
            "True"
        ],
        "rel": [
            0.0008294962366216119,
            "True"
        ]
    },
    "idf:3": {
        "ind": [
            2.10834310058121e-08,
            "True"
        ],
        "rel": [
            1.5246584283411233e-08,
            "True"
        ]
    },
    "count:1": {
        "ind": [
            0.00044688698327441124,
            "True"
        ],
        "rel": [
            0.0057617536196297725,
            "True"
        ]
    },
    "idf:1": {
        "ind": [
            8.037146265082341e-05,
            "True"
        ],
        "rel": [
            0.0015572978366224445,
            "True"
        ]
    },
    "idf_norm:1": {
        "ind": [
            1.0654957116604373e-07,
            "True"
        ],
        "rel": [
            5.026387073689693e-09,
            "True"
        ]
    },
    "idf_wiki_norm:1": {
        "ind": [
            0.0034635017646779164,
            "True"
        ],
        "rel": [
            0.003809110406838288,
            "True"
        ]
    },
    "idf_norm_pmi:1": {
        "ind": [
            1.1778102449594305e-07,
            "True"
        ],
        "rel": [
            1.5646621879466712e-08,
            "True"
        ]
    },
    "idf_wiki_norm_pmi:1": {
        "ind": [
            9.109700360087726e-07,
            "True"
        ],
        "rel": [
            5.1645708401738804e-05,
            "True"
        ]
    },
    "idf_norm:2": {
        "ind": [
            1.098590196028725e-08,
            "True"
        ],
        "rel": [
            1.0481944167622419e-05,
            "True"
        ]
    },
    "idf_wiki_norm:2": {
        "ind": [
            2.2259432089211044e-07,
            "True"
        ],
        "rel": [
            4.73393891125227e-09,
            "True"
        ]
    },
    "idf_norm_pmi:2": {
        "ind": [
            5.2502143481664424e-08,
            "True"
        ],
        "rel": [
            1.5193046012827156e-07,
            "True"
        ]
    },
    "idf_wiki_norm_pmi:2": {
        "ind": [
            6.104277046984637e-08,
            "True"
        ],
        "rel": [
            1.2299442348550486e-05,
            "True"
        ]
    },
    "idf_norm:3": {
        "ind": [
            1.4533201123531672e-08,
            "True"
        ],
        "rel": [
            2.4104396358843196e-07,
            "True"
        ]
    },
    "idf_wiki_norm:3": {
        "ind": [
            3.564135467994562e-08,
            "True"
        ],
        "rel": [
            5.678391290376435e-06,
            "True"
        ]
    },
    "idf_norm_pmi:3": {
        "ind": [
            2.0253513367346945e-07,
            "True"
        ],
        "rel": [
            5.832531417094116e-05,
            "True"
        ]
    },
    "idf_wiki_norm_pmi:3": {
        "ind": [
            5.905935370604066e-09,
            "True"
        ],
        "rel": [
            6.831845754728358e-06,
            "True"
        ]
    },
    "idf_wiki:1": {
        "ind": [
            2.3791185884681866e-07,
            "True"
        ],
        "rel": [
            2.542312227531629e-05,
            "True"
        ]
    },
    "count_norm:1": {
        "ind": [
            2.0569545151084386e-05,
            "True"
        ],
        "rel": [
            0.00038645663950481453,
            "True"
        ]
    },
    "count_norm_pmi:1": {
        "ind": [
            2.0302169043298942e-07,
            "True"
        ],
        "rel": [
            0.00017884950581573649,
            "True"
        ]
    },
    "idf_wiki:2": {
        "ind": [
            7.407395928901703e-06,
            "True"
        ],
        "rel": [
            0.00015737638920383892,
            "True"
        ]
    },
    "count_norm:2": {
        "ind": [
            1.2959427081016229e-05,
            "True"
        ],
        "rel": [
            0.0004191681086210949,
            "True"
        ]
    },
    "count_norm_pmi:2": {
        "ind": [
            3.4967496348084873e-07,
            "True"
        ],
        "rel": [
            4.313605892144812e-05,
            "True"
        ]
    },
    "idf_wiki:3": {
        "ind": [
            7.872850239963219e-07,
            "True"
        ],
        "rel": [
            0.00021323181974586088,
            "True"
        ]
    },
    "count_norm:3": {
        "ind": [
            1.3355915260089249e-05,
            "True"
        ],
        "rel": [
            0.000464302501742055,
            "True"
        ]
    },
    "count_norm_pmi:3": {
        "ind": [
            2.3180014463093967e-07,
            "True"
        ],
        "rel": [
            1.7355063878237456e-05,
            "True"
        ]
    }
}