{
    "idf:2": {
        "ind": [
            0.0009644604461771666,
            "True"
        ],
        "rel": [
            0.006221123483180505,
            "True"
        ]
    },
    "count:2": {
        "ind": [
            8.039020371650286e-05,
            "True"
        ],
        "rel": [
            0.0004249037941581761,
            "True"
        ]
    },
    "count:1": {
        "ind": [
            0.004192839536178915,
            "True"
        ],
        "rel": [
            0.010728787355927524,
            "True"
        ]
    },
    "idf:1": {
        "ind": [
            1.4991641137044243e-05,
            "True"
        ],
        "rel": [
            0.00011356004979725556,
            "True"
        ]
    },
    "idf_norm:1": {
        "ind": [
            1.9063830288225895e-05,
            "True"
        ],
        "rel": [
            1.1183037701492108e-05,
            "True"
        ]
    },
    "idf_wiki_norm:1": {
        "ind": [
            0.10742807310745359,
            "False"
        ],
        "rel": [
            0.06299628452109016,
            "False"
        ]
    },
    "idf_norm_pmi:1": {
        "ind": [
            7.090962256668512e-06,
            "True"
        ],
        "rel": [
            1.517310762722621e-05,
            "True"
        ]
    },
    "idf_wiki_norm_pmi:1": {
        "ind": [
            0.0006575388672602153,
            "True"
        ],
        "rel": [
            0.0005824828666803731,
            "True"
        ]
    },
    "idf_norm:2": {
        "ind": [
            2.6007982084149386e-06,
            "True"
        ],
        "rel": [
            0.00022545104973460553,
            "True"
        ]
    },
    "idf_wiki_norm:2": {
        "ind": [
            2.4249071550910126e-05,
            "True"
        ],
        "rel": [
            3.167457432756e-05,
            "True"
        ]
    },
    "idf_norm_pmi:2": {
        "ind": [
            1.8997743545242254e-05,
            "True"
        ],
        "rel": [
            7.083252183796584e-06,
            "True"
        ]
    },
    "idf_wiki_norm_pmi:2": {
        "ind": [
            2.1463632486922038e-06,
            "True"
        ],
        "rel": [
            0.00015054903938589123,
            "True"
        ]
    },
    "idf_wiki:1": {
        "ind": [
            1.1749486543018923e-07,
            "True"
        ],
        "rel": [
            5.1884386926518345e-05,
            "True"
        ]
    },
    "count_norm:1": {
        "ind": [
            0.00014489336755587741,
            "True"
        ],
        "rel": [
            0.0009270604949184854,
            "True"
        ]
    },
    "count_norm_pmi:1": {
        "ind": [
            1.7740446778618565e-06,
            "True"
        ],
        "rel": [
            0.00041372352415005654,
            "True"
        ]
    },
    "idf_wiki:2": {
        "ind": [
            8.240402418478093e-05,
            "True"
        ],
        "rel": [
            0.0006327100680199842,
            "True"
        ]
    },
    "count_norm:2": {
        "ind": [
            0.00014024882751118118,
            "True"
        ],
        "rel": [
            0.000945584162793876,
            "True"
        ]
    },
    "count_norm_pmi:2": {
        "ind": [
            2.388442357664537e-06,
            "True"
        ],
        "rel": [
            0.0002951792119285367,
            "True"
        ]
    }
}